{
    "0": [
        {
            "text": "empty",
            "probability": 0.33208753899086096,
            "start_logit": 0.0,
            "end_logit": 0.0
        },
        {
            "text": "",
            "probability": 0.667912461009139,
            "start_logit": 0.4750811755657196,
            "end_logit": 0.22367733716964722
        }
    ]
}
