{
    "0": [
        {
            "text": "empty",
            "probability": 0.33097932025777665,
            "start_logit": 0.0,
            "end_logit": 0.0
        },
        {
            "text": "",
            "probability": 0.6690206797422233,
            "start_logit": 0.48171207308769226,
            "end_logit": 0.22204700112342834
        }
    ]
}
