{
    "0": [
        {
            "text": "empty",
            "probability": 0.33635286600341563,
            "start_logit": 0.0,
            "end_logit": 0.0
        },
        {
            "text": "",
            "probability": 0.6636471339965843,
            "start_logit": 0.47172796726226807,
            "end_logit": 0.20786181092262268
        }
    ]
}
