{
    "0": [
        {
            "text": "empty",
            "probability": 0.40361675854998386,
            "start_logit": 0.0,
            "end_logit": 0.0
        },
        {
            "text": "",
            "probability": 0.5963832414500161,
            "start_logit": 0.28763362765312195,
            "end_logit": 0.10278404504060745
        }
    ]
}
