{
    "0": [
        {
            "text": "empty",
            "probability": 0.32216039668032015,
            "start_logit": 0.0,
            "end_logit": 0.0
        },
        {
            "text": "",
            "probability": 0.6778396033196797,
            "start_logit": 0.491746723651886,
            "end_logit": 0.2521144151687622
        }
    ]
}
