{
    "0": [
        {
            "text": "empty",
            "probability": 0.3755390842384454,
            "start_logit": 0.0,
            "end_logit": 0.0
        },
        {
            "text": "",
            "probability": 0.6244609157615546,
            "start_logit": 0.35431650280952454,
            "end_logit": 0.1542096883058548
        }
    ]
}
