{
    "0": [
        {
            "text": "empty",
            "probability": 0.3761911037031085,
            "start_logit": 0.0,
            "end_logit": 0.0
        },
        {
            "text": "",
            "probability": 0.6238088962968916,
            "start_logit": 0.3593992590904236,
            "end_logit": 0.1463475376367569
        }
    ]
}
