{
    "0": [
        {
            "text": "empty",
            "probability": 0.4097734849862258,
            "start_logit": 0.0,
            "end_logit": 0.0
        },
        {
            "text": "",
            "probability": 0.5902265150137742,
            "start_logit": 0.28625988960266113,
            "end_logit": 0.07864196598529816
        }
    ]
}
