{
    "0": [
        {
            "text": "empty",
            "probability": 0.3958407773420101,
            "start_logit": 0.0,
            "end_logit": 0.0
        },
        {
            "text": "",
            "probability": 0.6041592226579898,
            "start_logit": 0.303603857755661,
            "end_logit": 0.11922186613082886
        }
    ]
}
