{
    "0": [
        {
            "text": "empty",
            "probability": 0.35025231339810836,
            "start_logit": 0.0,
            "end_logit": 0.0
        },
        {
            "text": "",
            "probability": 0.6497476866018916,
            "start_logit": 0.4378707706928253,
            "end_logit": 0.180059552192688
        }
    ]
}
