{
    "0": [
        {
            "text": "Russia",
            "probability": 0.998676467127275,
            "start_logit": 3.866926670074463,
            "end_logit": 3.168015718460083
        },
        {
            "text": "",
            "probability": 0.0013235328727249872,
            "start_logit": 0.3039605915546417,
            "end_logit": 0.1048555076122284
        }
    ]
}
