{
    "0": 0.37503329664468765,
    "1": 0.3505178466439247,
    "2": 0.37503329664468765,
    "3": 0.3786925747990608,
    "4": 0.37503329664468765,
    "5": 0.3623548150062561,
    "6": 0.3889794573187828,
    "7": 0.37503329664468765,
    "8": 0.3786925747990608,
    "9": 0.3623548150062561,
    "10": 0.3889794573187828,
    "11": 0.3623548150062561,
    "12": 0.3889794573187828,
    "13": 0.37503329664468765,
    "14": 0.41489072889089584
}
